{"NDCG@1": 0.5082, "Recall@1": 0.4877, "NDCG@10": 0.59236, "Recall@10": 0.68033, "NDCG@100": 0.61704, "Recall@100": 0.78689, "NDCG@1000": 0.6313, "Recall@1000": 0.90164}