{"NDCG@1": 0.56604, "Recall@1": 0.54403, "NDCG@10": 0.6685, "Recall@10": 0.78616, "NDCG@100": 0.68657, "Recall@100": 0.86792, "NDCG@1000": 0.69837, "Recall@1000": 0.96226}