{"NDCG@1": 0.51562, "Recall@1": 0.50781, "NDCG@10": 0.65607, "Recall@10": 0.76875, "NDCG@100": 0.67013, "Recall@100": 0.82187, "NDCG@1000": 0.68437, "Recall@1000": 0.9375}