{"NDCG@1": 0.58462, "Recall@1": 0.56923, "NDCG@10": 0.66943, "Recall@10": 0.74923, "NDCG@100": 0.6986, "Recall@100": 0.87385, "NDCG@1000": 0.70601, "Recall@1000": 0.93077}