{"NDCG@1": 0.52308, "Recall@1": 0.48462, "NDCG@10": 0.65729, "Recall@10": 0.80769, "NDCG@100": 0.67462, "Recall@100": 0.88718, "NDCG@1000": 0.68194, "Recall@1000": 0.94872}