{"NDCG@1": 0.55556, "Recall@1": 0.53968, "NDCG@10": 0.68326, "Recall@10": 0.80476, "NDCG@100": 0.70499, "Recall@100": 0.89365, "NDCG@1000": 0.71496, "Recall@1000": 0.96825}