{"NDCG@1": 0.5625, "Recall@1": 0.5625, "NDCG@10": 0.67863, "Recall@10": 0.78125, "NDCG@100": 0.70075, "Recall@100": 0.89062, "NDCG@1000": 0.71118, "Recall@1000": 0.97656}