{"NDCG@1": 0.54412, "Recall@1": 0.53676, "NDCG@10": 0.64275, "Recall@10": 0.74265, "NDCG@100": 0.66036, "Recall@100": 0.82353, "NDCG@1000": 0.67341, "Recall@1000": 0.92647}