{"NDCG@1": 0.52778, "Recall@1": 0.52778, "NDCG@10": 0.64452, "Recall@10": 0.77778, "NDCG@100": 0.67319, "Recall@100": 0.92361, "NDCG@1000": 0.68084, "Recall@1000": 0.98611}