{"NDCG@1": 0.51429, "Recall@1": 0.5, "NDCG@10": 0.64478, "Recall@10": 0.77429, "NDCG@100": 0.66981, "Recall@100": 0.87571, "NDCG@1000": 0.67874, "Recall@1000": 0.94286}