{"NDCG": {
            "NDCG@1": 0.73342,
            "NDCG@3": 0.80214,
            "NDCG@5": 0.81314,
            "NDCG@10": 0.82514,
            "NDCG@100": 0.84124,
            "NDCG@1000": 0.84237
        },
        "MAP": {
            "MAP@1": 0.73342,
            "MAP@3": 0.78639,
            "MAP@5": 0.79251,
            "MAP@10": 0.79741,
            "MAP@100": 0.80117,
            "MAP@1000": 0.80121
        },
        "Recall": {
            "Recall@1": 0.73342,
            "Recall@3": 0.84724,
            "Recall@5": 0.87388,
            "Recall@10": 0.91123,
            "Recall@100": 0.98146,
            "Recall@1000": 0.9905
        },    "Precision": {
            "P@1": 0.73342,
            "P@3": 0.28241,
            "P@5": 0.17478,
            "P@10": 0.09112,
            "P@100": 0.00981,
            "P@1000": 0.00099
        },
        "MRR": {
            "MRR@1": 0.42608,
            "MRR@3": 0.45685,
            "MRR@5": 0.46041,
            "MRR@10": 0.46326,
            "MRR@100": 0.46544,
            "MRR@1000": 0.46546
        },
        "time": 379.045
    }