{
    "NDCG": {
        "NDCG@1": 0.74658,
        "NDCG@3": 0.81153,
        "NDCG@5": 0.82238,
        "NDCG@10": 0.83416,
        "NDCG@100": 0.84971,
        "NDCG@1000": 0.85059
    },
    "MAP": {
        "MAP@1": 0.74658,
        "MAP@3": 0.79665,
        "MAP@5": 0.80268,
        "MAP@10": 0.80751,
        "MAP@100": 0.81112,
        "MAP@1000": 0.81116
    },
    "Recall": {
        "Recall@1": 0.74658,
        "Recall@3": 0.85415,
        "Recall@5": 0.88041,
        "Recall@10": 0.91702,
        "Recall@100": 0.98491,
        "Recall@1000": 0.9918
    },  "Precision": {
        "P@1": 0.74658,
        "P@3": 0.28472,
        "P@5": 0.17608,
        "P@10": 0.0917,
        "P@100": 0.00985,
        "P@1000": 0.00099
    },
    "MRR": {
        "MRR@1": 0.43377,
        "MRR@3": 0.46286,
        "MRR@5": 0.46636,
        "MRR@10": 0.46917,
        "MRR@100": 0.47127,
        "MRR@1000": 0.47129
    },
    "time":  379.045
}