{
    "NDCG": {
      "NDCG@1": 0.74751,
      "NDCG@3": 0.81227,
      "NDCG@5": 0.8233,
      "NDCG@10": 0.83533,
      "NDCG@100": 0.85104,
      "NDCG@1000": 0.85174
    },
    "MAP": {
      "MAP@1": 0.74751,
      "MAP@3": 0.79748,
      "MAP@5": 0.80361,
      "MAP@10": 0.80854,
      "MAP@100": 0.81219,
      "MAP@1000": 0.81222
    },
    "Recall": {
      "Recall@1": 0.74751,
      "Recall@3": 0.85461,
      "Recall@5": 0.88134,
      "Recall@10": 0.91869,
      "Recall@100": 0.98733,
      "Recall@1000": 0.99283
    }, "Precision": {
        "P@1": 0.74751,
        "P@3": 0.28487,
        "P@5": 0.17627,
        "P@10": 0.09187,
        "P@100": 0.00987,
        "P@1000": 0.00099
      },
      "MRR": {
        "MRR@1": 0.43431,
        "MRR@3": 0.46334,
        "MRR@5": 0.4669,
        "MRR@10": 0.46977,
        "MRR@100": 0.47189,
        "MRR@1000": 0.47191
      },
      "time": 268.432
    }