{"NDCG@1": 0.45902, "Recall@1": 0.42623, "NDCG@10": 0.59511, "Recall@10": 0.72951, "NDCG@100": 0.62585, "Recall@100": 0.86885, "NDCG@1000": 0.63308, "Recall@1000": 0.93443}