{"NDCG@1": 0.45283, "Recall@1": 0.44025, "NDCG@10": 0.59723, "Recall@10": 0.74843, "NDCG@100": 0.63681, "Recall@100": 0.92767, "NDCG@1000": 0.64485, "Recall@1000": 0.98113}