{"NDCG@1": 0.46875, "Recall@1": 0.44844, "NDCG@10": 0.63502, "Recall@10": 0.78281, "NDCG@100": 0.66034, "Recall@100": 0.8875, "NDCG@1000": 0.67234, "Recall@1000": 0.98438}