{"NDCG@1": 0.53846, "Recall@1": 0.50692, "NDCG@10": 0.60834, "Recall@10": 0.66769, "NDCG@100": 0.65445, "Recall@100": 0.88154, "NDCG@1000": 0.6629, "Recall@1000": 0.94615}