{"NDCG@1": 0.50769, "Recall@1": 0.45641, "NDCG@10": 0.64792, "Recall@10": 0.78205, "NDCG@100": 0.67319, "Recall@100": 0.90256, "NDCG@1000": 0.68172, "Recall@1000": 0.96923}