{"NDCG@1": 0.55556, "Recall@1": 0.52302, "NDCG@10": 0.66627, "Recall@10": 0.75238, "NDCG@100": 0.69826, "Recall@100": 0.89365, "NDCG@1000": 0.70371, "Recall@1000": 0.93651}