{"NDCG@1": 0.48438, "Recall@1": 0.48438, "NDCG@10": 0.61437, "Recall@10": 0.72656, "NDCG@100": 0.66305, "Recall@100": 0.92969, "NDCG@1000": 0.66843, "Recall@1000": 0.97656}