{"NDCG@1": 0.47059, "Recall@1": 0.46324, "NDCG@10": 0.62647, "Recall@10": 0.77941, "NDCG@100": 0.64589, "Recall@100": 0.86765, "NDCG@1000": 0.65549, "Recall@1000": 0.94118}