{"NDCG@1": 0.45833, "Recall@1": 0.44097, "NDCG@10": 0.59693, "Recall@10": 0.72222, "NDCG@100": 0.63341, "Recall@100": 0.88889, "NDCG@1000": 0.64352, "Recall@1000": 0.97222}