{"NDCG@1": 0.54286, "Recall@1": 0.51357, "NDCG@10": 0.64049, "Recall@10": 0.74143, "NDCG@100": 0.67386, "Recall@100": 0.89714, "NDCG@1000": 0.68077, "Recall@1000": 0.95714}