{"NDCG": {"NDCG@1": 0.58, "NDCG@3": 0.64136, "NDCG@5": 0.65923, "NDCG@10": 0.67941, "NDCG@100": 0.70877, "NDCG@1000": 0.70877}, "MAP": {"MAP@1": 0.55344, "MAP@3": 0.61694, "MAP@5": 0.62926, "MAP@10": 0.63948, "MAP@100": 0.64611, "MAP@1000": 0.64611}, "Recall": {"Recall@1": 0.55344, "Recall@3": 0.68561, "Recall@5": 0.73156, "Recall@10": 0.78678, "Recall@100": 0.91922, "Recall@1000": 0.91922}, "Precision": {"P@1": 0.58, "P@3": 0.24778, "P@5": 0.16067, "P@10": 0.089, "P@100": 0.0104, "P@1000": 0.00104}, "time": 278.76719069480896}