{"NDCG": {"NDCG@1": 0.47667, "NDCG@3": 0.55816, "NDCG@5": 0.58288, "NDCG@10": 0.61286, "NDCG@100": 0.64572, "NDCG@1000": 0.64572}, "MAP": {"MAP@1": 0.45083, "MAP@3": 0.52639, "MAP@5": 0.54335, "MAP@10": 0.55728, "MAP@100": 0.56459, "MAP@1000": 0.56459}, "Recall": {"Recall@1": 0.45083, "Recall@3": 0.61811, "Recall@5": 0.681, "Recall@10": 0.768, "Recall@100": 0.916, "Recall@1000": 0.916}, "Precision": {"P@1": 0.47667, "P@3": 0.22333, "P@5": 0.15, "P@10": 0.087, "P@100": 0.0104, "P@1000": 0.00104}, "time": 32.33483839035034}