{
  "NDCG": {
    "NDCG@1": 0.59,
    "NDCG@3": 0.65095,
    "NDCG@5": 0.67582,
    "NDCG@10": 0.69613,
    "NDCG@100": 0.72064,
    "NDCG@1000": 0.72064
  },
  "MAP": {
    "MAP@1": 0.56261,
    "MAP@3": 0.62596,
    "MAP@5": 0.64357,
    "MAP@10": 0.65385,
    "MAP@100": 0.65842,
    "MAP@1000": 0.65842
  },
  "Recall": {
    "Recall@1": 0.56261,
    "Recall@3": 0.69239,
    "Recall@5": 0.75261,
    "Recall@10": 0.80956,
    "Recall@100": 0.92867,
    "Recall@1000": 0.92867
  },
  "Precision": {
    "P@1": 0.59,
    "P@3": 0.25,
    "P@5": 0.16733,
    "P@10": 0.09133,
    "P@100": 0.01053,
    "P@1000": 0.00105
  },
  "time": 15.709928512573242
}
