{
    "NDCG": {
      "NDCG@1": 0.59333,
      "NDCG@3": 0.67143,
      "NDCG@5": 0.68479,
      "NDCG@10": 0.70041,
      "NDCG@100": 0.7272,
      "NDCG@1000": 0.73204
    },
    "MAP": {
      "MAP@1": 0.5665,
      "MAP@3": 0.64254,
      "MAP@5": 0.65256,
      "MAP@10": 0.66062,
      "MAP@100": 0.66618,
      "MAP@1000": 0.66633
    },
    "Recall": {
      "Recall@1": 0.5665,
      "Recall@3": 0.72683,
      "Recall@5": 0.7615,
      "Recall@10": 0.80539,
      "Recall@100": 0.93267,
      "Recall@1000": 0.97267
    },
    "Precision": {
      "P@1": 0.59333,
      "P@3": 0.26444,
      "P@5": 0.16933,
      "P@10": 0.091,
      "P@100": 0.0106,
      "P@1000": 0.0011
    },
  
    "time":13.198394298553467
}