{
    "NDCG": {
        "NDCG@1": 0.58,
        "NDCG@3": 0.63781,
        "NDCG@5": 0.66647,
        "NDCG@10": 0.69187,
        "NDCG@100": 0.71456,
        "NDCG@1000": 0.7224
    },
    "MAP": {
        "MAP@1": 0.55928,
        "MAP@3": 0.61599,
        "MAP@5": 0.63291,
        "MAP@10": 0.64541,
        "MAP@100": 0.65081,
        "MAP@1000": 0.65113
    },
    "Recall": {
        "Recall@1": 0.55928,
        "Recall@3": 0.67928,
        "Recall@5": 0.74789,
        "Recall@10": 0.81978,
        "Recall@100": 0.91922,
        "Recall@1000": 0.98
    },
    "Precision": {
        "P@1": 0.58,
        "P@3": 0.24111,
        "P@5": 0.162,
        "P@10": 0.09067,
        "P@100": 0.0104,
        "P@1000": 0.00111
    },
    "time": 4.784195423126221
}