{"NDCG@1": 0.688, "Recall@1": 0.688, "NDCG@10": 0.78432, "Recall@10": 0.88, "NDCG@100": 0.81076, "Recall@100": 0.992, "NDCG@1000": 0.81131, "Recall@1000": 0.996}