{"NDCG@1": 0.744, "Recall@1": 0.744, "NDCG@10": 0.8326, "Recall@10": 0.916, "NDCG@100": 0.84901, "Recall@100": 0.984, "NDCG@1000": 0.84999, "Recall@1000": 0.992}