{"NDCG@1": 0.7, "Recall@1": 0.7, "NDCG@10": 0.79623, "Recall@10": 0.884, "NDCG@100": 0.81819, "Recall@100": 0.984, "NDCG@1000": 0.81927, "Recall@1000": 0.992}