{"NDCG@1": 0.768, "Recall@1": 0.768, "NDCG@10": 0.85091, "Recall@10": 0.932, "NDCG@100": 0.86503, "Recall@100": 0.996, "NDCG@1000": 0.86555, "Recall@1000": 1.0}