{"NDCG@1": 0.764, "Recall@1": 0.764, "NDCG@10": 0.84737, "Recall@10": 0.932, "NDCG@100": 0.85859, "Recall@100": 0.984, "NDCG@1000": 0.85908, "Recall@1000": 0.988}