{"NDCG@1": 0.7, "Recall@1": 0.7, "NDCG@10": 0.79968, "Recall@10": 0.892, "NDCG@100": 0.81917, "Recall@100": 0.98, "NDCG@1000": 0.82081, "Recall@1000": 0.992}