{"NDCG@1": 0.744, "Recall@1": 0.744, "NDCG@10": 0.83488, "Recall@10": 0.924, "NDCG@100": 0.84727, "Recall@100": 0.976, "NDCG@1000": 0.84936, "Recall@1000": 0.992}