{"NDCG@1": 0.728, "Recall@1": 0.728, "NDCG@10": 0.82808, "Recall@10": 0.912, "NDCG@100": 0.84491, "Recall@100": 0.988, "NDCG@1000": 0.84586, "Recall@1000": 0.996}