{"NDCG@1": 0.72, "Recall@1": 0.72, "NDCG@10": 0.81509, "Recall@10": 0.908, "NDCG@100": 0.83415, "Recall@100": 0.988, "NDCG@1000": 0.83457, "Recall@1000": 0.992}