{"NDCG@1": 0.688, "Recall@1": 0.688, "NDCG@10": 0.78364, "Recall@10": 0.876, "NDCG@100": 0.80611, "Recall@100": 0.972, "NDCG@1000": 0.80709, "Recall@1000": 0.98}