{"NDCG@1": 0.74, "Recall@1": 0.74, "NDCG@10": 0.82693, "Recall@10": 0.904, "NDCG@100": 0.84429, "Recall@100": 0.976, "NDCG@1000": 0.84575, "Recall@1000": 0.988}