{"NDCG@1": 0.684, "Recall@1": 0.684, "NDCG@10": 0.78603, "Recall@10": 0.876, "NDCG@100": 0.80685, "Recall@100": 0.976, "NDCG@1000": 0.80893, "Recall@1000": 0.992}