{"NDCG@1": 0.748, "Recall@1": 0.748, "NDCG@10": 0.83526, "Recall@10": 0.912, "NDCG@100": 0.85012, "Recall@100": 0.98, "NDCG@1000": 0.85168, "Recall@1000": 0.992}