{"NDCG@1": 0.748, "Recall@1": 0.748, "NDCG@10": 0.82978, "Recall@10": 0.912, "NDCG@100": 0.84235, "Recall@100": 0.968, "NDCG@1000": 0.84415, "Recall@1000": 0.984}