{"NDCG@1": 0.7, "Recall@1": 0.7, "NDCG@10": 0.79752, "Recall@10": 0.888, "NDCG@100": 0.81906, "Recall@100": 0.988, "NDCG@1000": 0.82004, "Recall@1000": 0.996}