{"NDCG@1": 0.724, "Recall@1": 0.724, "NDCG@10": 0.82631, "Recall@10": 0.924, "NDCG@100": 0.83969, "Recall@100": 0.98, "NDCG@1000": 0.8412, "Recall@1000": 0.992}