{"NDCG@1": 0.744, "Recall@1": 0.744, "NDCG@10": 0.83049, "Recall@10": 0.908, "NDCG@100": 0.84551, "Recall@100": 0.972, "NDCG@1000": 0.84698, "Recall@1000": 0.984}