{"NDCG@1": 0.76, "Recall@1": 0.76, "NDCG@10": 0.84448, "Recall@10": 0.916, "NDCG@100": 0.85849, "Recall@100": 0.98, "NDCG@1000": 0.85996, "Recall@1000": 0.992}