{"NDCG@1": 0.74, "Recall@1": 0.74, "NDCG@10": 0.82104, "Recall@10": 0.892, "NDCG@100": 0.84116, "Recall@100": 0.976, "NDCG@1000": 0.84254, "Recall@1000": 0.988}